<Backups xmlns="http://www.microsoft.com/GroupPolicy/GPOOperations/Manifest" xmlns:mfst="http://www.microsoft.com/GroupPolicy/GPOOperations/Manifest" mfst:version="1.0"><BackupInst><GPOGuid><![CDATA[{B0FE4DD5-7513-4016-AAA1-598EF408E522}]]></GPOGuid><GPODomain><![CDATA[VALTECHDOM.local]]></GPODomain><GPODomainGuid><![CDATA[{7a5aaaf7-867f-44d5-aaf5-85bec8b6c32b}]]></GPODomainGuid><GPODomainController><![CDATA[DC01.VALTECHDOM.local]]></GPODomainController><BackupTime><![CDATA[2021-02-15T19:54:13]]></BackupTime><ID><![CDATA[{F7B2702D-445C-47A1-9193-891A21A2E9E4}]]></ID><Comment><![CDATA[]]></Comment><GPODisplayName><![CDATA[Users - RDS - Hide Local C Drive]]></GPODisplayName></BackupInst></Backups>