<BackupInst xmlns="http://www.microsoft.com/GroupPolicy/GPOOperations/Manifest"><GPOGuid><![CDATA[{3A1589A1-947C-4278-BC4C-BA20F48098F5}]]></GPOGuid><GPODomain><![CDATA[msp.local]]></GPODomain><GPODomainGuid><![CDATA[{cc784668-5c21-4085-9bad-18a30da31e0d}]]></GPODomainGuid><GPODomainController><![CDATA[SRV2019.msp.local]]></GPODomainController><BackupTime><![CDATA[2021-01-29T19:34:48]]></BackupTime><ID><![CDATA[{930E359C-754A-4474-AAD1-0851E713D410}]]></ID><Comment><![CDATA[]]></Comment><GPODisplayName><![CDATA[Users - RDS - Redirection Folder]]></GPODisplayName></BackupInst>
