<BackupInst xmlns="http://www.microsoft.com/GroupPolicy/GPOOperations/Manifest"><GPOGuid><![CDATA[{2783FA68-20CB-4DC9-88F6-C49ABB1866E8}]]></GPOGuid><GPODomain><![CDATA[SAMATAS.LOCAL]]></GPODomain><GPODomainGuid><![CDATA[{db511e4f-6d7c-4d66-890e-6c7f3eb9ecc8}]]></GPODomainGuid><GPODomainController><![CDATA[SRV-DC01-EH.SAMATAS.LOCAL]]></GPODomainController><BackupTime><![CDATA[2021-02-24T20:29:54]]></BackupTime><ID><![CDATA[{22828847-5BC2-419F-927D-1A6B84970BA8}]]></ID><Comment><![CDATA[]]></Comment><GPODisplayName><![CDATA[Computers - RDS - Enable Terminal Server Shadow]]></GPODisplayName></BackupInst>
