<Backups xmlns="http://www.microsoft.com/GroupPolicy/GPOOperations/Manifest" xmlns:mfst="http://www.microsoft.com/GroupPolicy/GPOOperations/Manifest" mfst:version="1.0"><BackupInst><GPOGuid><![CDATA[{6D0CC8D7-996E-4E34-B2D4-24A553BAFC27}]]></GPOGuid><GPODomain><![CDATA[msp.local]]></GPODomain><GPODomainGuid><![CDATA[{cc784668-5c21-4085-9bad-18a30da31e0d}]]></GPODomainGuid><GPODomainController><![CDATA[SRV2019.msp.local]]></GPODomainController><BackupTime><![CDATA[2021-01-29T17:03:59]]></BackupTime><ID><![CDATA[{79DDA1F2-E553-430A-86D4-9CF786F5B7AB}]]></ID><Comment><![CDATA[]]></Comment><GPODisplayName><![CDATA[Users - RDS - VMware Disable Tray]]></GPODisplayName></BackupInst></Backups>