<Backups xmlns="http://www.microsoft.com/GroupPolicy/GPOOperations/Manifest" xmlns:mfst="http://www.microsoft.com/GroupPolicy/GPOOperations/Manifest" mfst:version="1.0"><BackupInst><GPOGuid><![CDATA[{50845F0E-788F-4E9D-A102-9DDF5E919BBC}]]></GPOGuid><GPODomain><![CDATA[msp.local]]></GPODomain><GPODomainGuid><![CDATA[{cc784668-5c21-4085-9bad-18a30da31e0d}]]></GPODomainGuid><GPODomainController><![CDATA[SRV2019.msp.local]]></GPODomainController><BackupTime><![CDATA[2021-01-29T18:41:09]]></BackupTime><ID><![CDATA[{45D8046A-A7E5-4AE8-AFAF-23FB6AAE044C}]]></ID><Comment><![CDATA[]]></Comment><GPODisplayName><![CDATA[Computer - ALL - Login Script No Delay]]></GPODisplayName></BackupInst></Backups>