<?xml version="1.0" encoding="utf-8"?>
<Shortcuts clsid="{872ECB34-B2EC-401b-A585-D32574AA90EE}"><Shortcut clsid="{4F2F7C55-2790-433e-8127-0739D1CFA327}" userContext="1" name="Déconnexion" status="Déconnexion" image="2" changed="2021-02-02 15:19:05" uid="{34C9256A-1750-4B59-8771-10A6BE66DED4}"><Properties pidl="" targetType="FILESYSTEM" action="U" comment="" shortcutKey="0" startIn="C:\Windows\system32\logoff.exe" arguments="" iconIndex="1" targetPath="C:\Windows\system32\logoff.exe" iconPath="%Systemdrive%\windows\syswow64\powrprof.dll" window="" shortcutPath="%DesktopDir%\Déconnexion"/></Shortcut>
	<Shortcut clsid="{4F2F7C55-2790-433e-8127-0739D1CFA327}" userContext="1" name="Documents personnels" status="Documents personnels" image="2" changed="2021-02-02 15:19:15" uid="{F30719B6-9AE8-4269-94E8-C796F3FE8BA7}"><Properties pidl="" targetType="FILESYSTEM" action="U" comment="" shortcutKey="0" startIn="%systemdrive%\windows\explorer.exe" arguments="\\Fs01\profiles-tsplus$\%USERNAME%" iconIndex="117" targetPath="C:\Windows\explorer.exe" iconPath="%Systemdrive%\Windows\syswow64\imageres.dll" window="" shortcutPath="%DesktopDir%\Documents personnels"/></Shortcut>
	<Shortcut clsid="{4F2F7C55-2790-433e-8127-0739D1CFA327}" userContext="1" name="Exploreteur de fichiers" status="Exploreteur de fichiers" image="2" changed="2021-02-02 15:19:27" uid="{1AD1EE1A-BE4D-445F-8C26-6AF2F414C66A}"><Properties pidl="" targetType="FILESYSTEM" action="U" comment="" shortcutKey="0" startIn="%systemdrive%\windows\explorer.exe" arguments="" iconIndex="0" targetPath="C:\Windows\explorer.exe" iconPath="" window="" shortcutPath="%DesktopDir%\Exploreteur de fichiers"/></Shortcut>
</Shortcuts>
