<Backups xmlns="http://www.microsoft.com/GroupPolicy/GPOOperations/Manifest" xmlns:mfst="http://www.microsoft.com/GroupPolicy/GPOOperations/Manifest" mfst:version="1.0"><BackupInst><GPOGuid><![CDATA[{5F2770E5-6789-46AB-86AB-0DFD857763D5}]]></GPOGuid><GPODomain><![CDATA[SAMATAS.LOCAL]]></GPODomain><GPODomainGuid><![CDATA[{db511e4f-6d7c-4d66-890e-6c7f3eb9ecc8}]]></GPODomainGuid><GPODomainController><![CDATA[SRV-DC01-EH.SAMATAS.LOCAL]]></GPODomainController><BackupTime><![CDATA[2021-01-29T16:21:54]]></BackupTime><ID><![CDATA[{759D5839-D81E-4092-979D-9E6C9B7AF161}]]></ID><Comment><![CDATA[]]></Comment><GPODisplayName><![CDATA[Comp_ALL_GPO_Delay]]></GPODisplayName></BackupInst></Backups>