<Backups xmlns="http://www.microsoft.com/GroupPolicy/GPOOperations/Manifest" xmlns:mfst="http://www.microsoft.com/GroupPolicy/GPOOperations/Manifest" mfst:version="1.0"><BackupInst><GPOGuid><![CDATA[{B97DCD06-86D1-4D37-8C20-730AD8452CC8}]]></GPOGuid><GPODomain><![CDATA[SAMATAS.LOCAL]]></GPODomain><GPODomainGuid><![CDATA[{db511e4f-6d7c-4d66-890e-6c7f3eb9ecc8}]]></GPODomainGuid><GPODomainController><![CDATA[SRV-DC01-EH.SAMATAS.LOCAL]]></GPODomainController><BackupTime><![CDATA[2021-01-29T16:15:31]]></BackupTime><ID><![CDATA[{CE9CB44D-D85A-4A02-AE18-CE2B90AF0574}]]></ID><Comment><![CDATA[]]></Comment><GPODisplayName><![CDATA[User_RDSz_ControlPanelRestriction]]></GPODisplayName></BackupInst></Backups>