<Backups xmlns="http://www.microsoft.com/GroupPolicy/GPOOperations/Manifest" xmlns:mfst="http://www.microsoft.com/GroupPolicy/GPOOperations/Manifest" mfst:version="1.0"><BackupInst><GPOGuid><![CDATA[{52427AE0-5B9C-4E66-9ED7-6C35D8B7328D}]]></GPOGuid><GPODomain><![CDATA[msp.local]]></GPODomain><GPODomainGuid><![CDATA[{cc784668-5c21-4085-9bad-18a30da31e0d}]]></GPODomainGuid><GPODomainController><![CDATA[SRV2019.msp.local]]></GPODomainController><BackupTime><![CDATA[2021-01-29T16:47:56]]></BackupTime><ID><![CDATA[{A50EB351-E5F9-47BD-B79A-9F9B5CA9A222}]]></ID><Comment><![CDATA[]]></Comment><GPODisplayName><![CDATA[Users - RDS - Control Panel Restriction]]></GPODisplayName></BackupInst></Backups>