<?xml version="1.0" encoding="utf-8"?><!-- Copyright (c) Microsoft Corporation.  All rights reserved. --><GroupPolicyBackupScheme bkp:version="2.0" bkp:type="GroupPolicyBackupTemplate" xmlns:bkp="http://www.microsoft.com/GroupPolicy/GPOOperations" xmlns="http://www.microsoft.com/GroupPolicy/GPOOperations">
    <GroupPolicyObject><SecurityGroups><Group bkp:Source="FromDACL"><Sid><![CDATA[S-1-5-21-733768069-2094470934-3018965750-512]]></Sid><SamAccountName><![CDATA[Admins du domaine]]></SamAccountName><Type><![CDATA[GlobalGroup]]></Type><NetBIOSDomainName><![CDATA[SAMATAS]]></NetBIOSDomainName><DnsDomainName><![CDATA[SAMATAS.LOCAL]]></DnsDomainName><UPN><![CDATA[Admins du domaine@SAMATAS.LOCAL]]></UPN></Group><Group bkp:Source="FromDACL"><Sid><![CDATA[S-1-5-21-733768069-2094470934-3018965750-519]]></Sid><SamAccountName><![CDATA[Administrateurs de l’entreprise]]></SamAccountName><Type><![CDATA[UniversalGroup]]></Type><NetBIOSDomainName><![CDATA[SAMATAS]]></NetBIOSDomainName><DnsDomainName><![CDATA[SAMATAS.LOCAL]]></DnsDomainName><UPN><![CDATA[Administrateurs de l’entreprise@SAMATAS.LOCAL]]></UPN></Group><Group bkp:Source="FromDACL"><Sid><![CDATA[S-1-5-21-733768069-2094470934-3018965750-27619]]></Sid><SamAccountName><![CDATA[RDS_Users]]></SamAccountName><Type><![CDATA[GlobalGroup]]></Type><NetBIOSDomainName><![CDATA[SAMATAS]]></NetBIOSDomainName><DnsDomainName><![CDATA[SAMATAS.LOCAL]]></DnsDomainName><UPN><![CDATA[RDS_Users@SAMATAS.LOCAL]]></UPN></Group></SecurityGroups><FilePaths/><GroupPolicyCoreSettings><ID><![CDATA[{B97DCD06-86D1-4D37-8C20-730AD8452CC8}]]></ID><Domain><![CDATA[SAMATAS.LOCAL]]></Domain><SecurityDescriptor>01 00 04 9c 00 00 00 00 00 00 00 00 00 00 00 00 14 00 00 00 04 00 fc 00 08 00 00 00 05 00 38 00 00 01 00 00 01 00 00 00 8f fd ac ed b3 ff d1 11 b4 1d 00 a0 c9 68 f9 39 01 05 00 00 00 00 00 05 15 00 00 00 85 69 bc 2b 16 17 d7 7c f6 c2 f1 b3 e3 6b 00 00 00 00 24 00 14 00 02 00 01 05 00 00 00 00 00 05 15 00 00 00 85 69 bc 2b 16 17 d7 7c f6 c2 f1 b3 e3 6b 00 00 00 02 24 00 ff 00 0f 00 01 05 00 00 00 00 00 05 15 00 00 00 85 69 bc 2b 16 17 d7 7c f6 c2 f1 b3 00 02 00 00 00 02 24 00 ff 00 0f 00 01 05 00 00 00 00 00 05 15 00 00 00 85 69 bc 2b 16 17 d7 7c f6 c2 f1 b3 07 02 00 00 00 02 14 00 94 00 02 00 01 01 00 00 00 00 00 05 09 00 00 00 00 02 14 00 94 00 02 00 01 01 00 00 00 00 00 05 0b 00 00 00 00 02 14 00 ff 00 0f 00 01 01 00 00 00 00 00 05 12 00 00 00 00 0a 14 00 ff 00 0f 00 01 01 00 00 00 00 00 03 00 00 00 00</SecurityDescriptor><DisplayName><![CDATA[User_RDSz_ControlPanelRestriction]]></DisplayName><Options><![CDATA[2]]></Options><UserVersionNumber><![CDATA[131074]]></UserVersionNumber><MachineVersionNumber><![CDATA[0]]></MachineVersionNumber><MachineExtensionGuids/><UserExtensionGuids><![CDATA[[{35378EAC-683F-11D2-A89A-00C04FBBCFA2}{D02B1F73-3407-48AE-BA88-E8213C6761F1}]]]></UserExtensionGuids><WMIFilter><![CDATA[MSFT_SomFilter.ID="{D7081B27-58BD-4AB1-ADB5-BAC113CCD595}",Domain="SAMATAS.LOCAL"]]></WMIFilter><WMIFilterName><![CDATA[RDS (Terminal Serveurs)]]></WMIFilterName></GroupPolicyCoreSettings> 
        <GroupPolicyExtension bkp:ID="{35378EAC-683F-11D2-A89A-00C04FBBCFA2}" bkp:DescName="Registry">
            
            <FSObjectFile bkp:Path="%GPO_USER_FSPATH%\registry.pol" bkp:SourceExpandedPath="\\SRV-DC01-EH.SAMATAS.LOCAL\sysvol\SAMATAS.LOCAL\Policies\{B97DCD06-86D1-4D37-8C20-730AD8452CC8}\User\registry.pol" bkp:Location="DomainSysvol\GPO\User\registry.pol"/>
            <FSObjectFile bkp:Path="%GPO_FSPATH%\Adm\*.*" bkp:SourceExpandedPath="\\SRV-DC01-EH.SAMATAS.LOCAL\sysvol\SAMATAS.LOCAL\Policies\{B97DCD06-86D1-4D37-8C20-730AD8452CC8}\Adm\*.*"/>
        </GroupPolicyExtension>
        
        
        
        
        
        
        
        
        
    <GroupPolicyExtension bkp:ID="{F15C46CD-82A0-4C2D-A210-5D0D3182A418}" bkp:DescName="Unknown Extension"><FSObjectFile bkp:Path="%GPO_USER_FSPATH%\comment.cmtx" bkp:SourceExpandedPath="\\SRV-DC01-EH.SAMATAS.LOCAL\sysvol\SAMATAS.LOCAL\Policies\{B97DCD06-86D1-4D37-8C20-730AD8452CC8}\User\comment.cmtx" bkp:Location="DomainSysvol\GPO\User\comment.cmtx"/></GroupPolicyExtension></GroupPolicyObject>
</GroupPolicyBackupScheme>