<BackupInst xmlns="http://www.microsoft.com/GroupPolicy/GPOOperations/Manifest"><GPOGuid><![CDATA[{7E1823AA-0616-4A3A-96CE-D70C063298D0}]]></GPOGuid><GPODomain><![CDATA[dialogsac.local]]></GPODomain><GPODomainGuid><![CDATA[{0d90ba6c-b866-41e9-a744-76f6d57fa9c3}]]></GPODomainGuid><GPODomainController><![CDATA[SVRDC01.dialogsac.local]]></GPODomainController><BackupTime><![CDATA[2020-09-28T17:28:06]]></BackupTime><ID><![CDATA[{333CDF8E-E5D5-456B-9E44-2E44919307ED}]]></ID><Comment><![CDATA[AutomateOX]]></Comment><GPODisplayName><![CDATA[AutomateOX]]></GPODisplayName></BackupInst>
