<BackupInst xmlns="http://www.microsoft.com/GroupPolicy/GPOOperations/Manifest"><GPOGuid><![CDATA[{F11297B9-6EBF-4636-A84B-DBA7B6B5D5C1}]]></GPOGuid><GPODomain><![CDATA[msp.local]]></GPODomain><GPODomainGuid><![CDATA[{cc784668-5c21-4085-9bad-18a30da31e0d}]]></GPODomainGuid><GPODomainController><![CDATA[SRV2019.msp.local]]></GPODomainController><BackupTime><![CDATA[2021-01-29T19:03:06]]></BackupTime><ID><![CDATA[{7948796E-4EA5-4BC2-9CDD-CA3540F5B528}]]></ID><Comment><![CDATA[]]></Comment><GPODisplayName><![CDATA[Computers - ALL - Login Script No Delay]]></GPODisplayName></BackupInst>
