<Backups xmlns="http://www.microsoft.com/GroupPolicy/GPOOperations/Manifest" xmlns:mfst="http://www.microsoft.com/GroupPolicy/GPOOperations/Manifest" mfst:version="1.0"><BackupInst><GPOGuid><![CDATA[{A7F06788-AB71-4653-88F6-BBFDB202C94D}]]></GPOGuid><GPODomain><![CDATA[SAMATAS.LOCAL]]></GPODomain><GPODomainGuid><![CDATA[{db511e4f-6d7c-4d66-890e-6c7f3eb9ecc8}]]></GPODomainGuid><GPODomainController><![CDATA[DC01-CloudOX.SAMATAS.LOCAL]]></GPODomainController><BackupTime><![CDATA[2022-03-31T17:29:11]]></BackupTime><ID><![CDATA[{696A0F72-A6FC-48FA-AF73-8906CC233CB5}]]></ID><Comment><![CDATA[]]></Comment><GPODisplayName><![CDATA[Computers - RDS - HelpOX Login Screen]]></GPODisplayName></BackupInst></Backups>