<BackupInst xmlns="http://www.microsoft.com/GroupPolicy/GPOOperations/Manifest"><GPOGuid><![CDATA[{017DC8AE-FD87-49F2-90BF-F10CCBD42DBD}]]></GPOGuid><GPODomain><![CDATA[msp.local]]></GPODomain><GPODomainGuid><![CDATA[{cc784668-5c21-4085-9bad-18a30da31e0d}]]></GPODomainGuid><GPODomainController><![CDATA[SRV2019.msp.local]]></GPODomainController><BackupTime><![CDATA[2021-02-02T16:09:07]]></BackupTime><ID><![CDATA[{AB474013-50FA-4ED6-ACAD-4E16652778D6}]]></ID><Comment><![CDATA[]]></Comment><GPODisplayName><![CDATA[Users - RDS - Desktop Icons]]></GPODisplayName></BackupInst>
