<?xml version="1.0" encoding="utf-8"?><!-- Copyright (c) Microsoft Corporation.  All rights reserved. --><GroupPolicyBackupScheme bkp:version="2.0" bkp:type="GroupPolicyBackupTemplate" xmlns:bkp="http://www.microsoft.com/GroupPolicy/GPOOperations" xmlns="http://www.microsoft.com/GroupPolicy/GPOOperations">
    <GroupPolicyObject><SecurityGroups><Group bkp:Source="FromDACL"><Sid><![CDATA[S-1-5-21-125230563-1268613435-250769774-512]]></Sid><SamAccountName><![CDATA[Domain Admins]]></SamAccountName><Type><![CDATA[GlobalGroup]]></Type><NetBIOSDomainName><![CDATA[VALTECHDOM]]></NetBIOSDomainName><DnsDomainName><![CDATA[VALTECHDOM.local]]></DnsDomainName><UPN><![CDATA[Domain Admins@VALTECHDOM.local]]></UPN></Group><Group bkp:Source="FromDACL"><Sid><![CDATA[S-1-5-21-125230563-1268613435-250769774-519]]></Sid><SamAccountName><![CDATA[Enterprise Admins]]></SamAccountName><Type><![CDATA[UniversalGroup]]></Type><NetBIOSDomainName><![CDATA[VALTECHDOM]]></NetBIOSDomainName><DnsDomainName><![CDATA[VALTECHDOM.local]]></DnsDomainName><UPN><![CDATA[Enterprise Admins@VALTECHDOM.local]]></UPN></Group><Group bkp:Source="FromDACL"><Sid><![CDATA[S-1-5-21-125230563-1268613435-250769774-2606]]></Sid><SamAccountName><![CDATA[GRP_Terminal_User]]></SamAccountName><Type><![CDATA[GlobalGroup]]></Type><NetBIOSDomainName><![CDATA[VALTECHDOM]]></NetBIOSDomainName><DnsDomainName><![CDATA[VALTECHDOM.local]]></DnsDomainName><UPN><![CDATA[GRP_Terminal_User@VALTECHDOM.local]]></UPN></Group></SecurityGroups><FilePaths/><GroupPolicyCoreSettings><ID><![CDATA[{B0FE4DD5-7513-4016-AAA1-598EF408E522}]]></ID><Domain><![CDATA[VALTECHDOM.local]]></Domain><SecurityDescriptor>01 00 04 9c 00 00 00 00 00 00 00 00 00 00 00 00 14 00 00 00 04 00 fc 00 08 00 00 00 05 00 38 00 00 01 00 00 01 00 00 00 8f fd ac ed b3 ff d1 11 b4 1d 00 a0 c9 68 f9 39 01 05 00 00 00 00 00 05 15 00 00 00 e3 dd 76 07 3b 81 9d 4b 6e 71 f2 0e 2e 0a 00 00 00 00 24 00 14 00 02 00 01 05 00 00 00 00 00 05 15 00 00 00 e3 dd 76 07 3b 81 9d 4b 6e 71 f2 0e 2e 0a 00 00 00 02 24 00 ff 00 0f 00 01 05 00 00 00 00 00 05 15 00 00 00 e3 dd 76 07 3b 81 9d 4b 6e 71 f2 0e 00 02 00 00 00 02 24 00 ff 00 0f 00 01 05 00 00 00 00 00 05 15 00 00 00 e3 dd 76 07 3b 81 9d 4b 6e 71 f2 0e 07 02 00 00 00 02 14 00 94 00 02 00 01 01 00 00 00 00 00 05 09 00 00 00 00 02 14 00 94 00 02 00 01 01 00 00 00 00 00 05 0b 00 00 00 00 02 14 00 ff 00 0f 00 01 01 00 00 00 00 00 05 12 00 00 00 00 0a 14 00 ff 00 0f 00 01 01 00 00 00 00 00 03 00 00 00 00</SecurityDescriptor><DisplayName><![CDATA[Users - RDS - Hide Local C Drive]]></DisplayName><Options><![CDATA[2]]></Options><UserVersionNumber><![CDATA[65537]]></UserVersionNumber><MachineVersionNumber><![CDATA[0]]></MachineVersionNumber><MachineExtensionGuids/><UserExtensionGuids><![CDATA[[{35378EAC-683F-11D2-A89A-00C04FBBCFA2}{D02B1F73-3407-48AE-BA88-E8213C6761F1}]]]></UserExtensionGuids><WMIFilter><![CDATA[MSFT_SomFilter.ID="{10734843-ebcf-4547-ac76-4224ceb4daab}",Domain="VALTECHDOM.local"]]></WMIFilter><WMIFilterName><![CDATA[Terminal Serveurs (RDS)]]></WMIFilterName></GroupPolicyCoreSettings> 
        <GroupPolicyExtension bkp:ID="{35378EAC-683F-11D2-A89A-00C04FBBCFA2}" bkp:DescName="Registry">
            
            <FSObjectFile bkp:Path="%GPO_USER_FSPATH%\registry.pol" bkp:SourceExpandedPath="\\DC01.VALTECHDOM.local\sysvol\VALTECHDOM.local\Policies\{B0FE4DD5-7513-4016-AAA1-598EF408E522}\User\registry.pol" bkp:Location="DomainSysvol\GPO\User\registry.pol"/>
            <FSObjectFile bkp:Path="%GPO_FSPATH%\Adm\*.*" bkp:SourceExpandedPath="\\DC01.VALTECHDOM.local\sysvol\VALTECHDOM.local\Policies\{B0FE4DD5-7513-4016-AAA1-598EF408E522}\Adm\*.*"/>
        </GroupPolicyExtension>
        
        
        
        
        
        
        
        
        
    <GroupPolicyExtension bkp:ID="{F15C46CD-82A0-4C2D-A210-5D0D3182A418}" bkp:DescName="Unknown Extension"><FSObjectFile bkp:Path="%GPO_USER_FSPATH%\comment.cmtx" bkp:SourceExpandedPath="\\DC01.VALTECHDOM.local\sysvol\VALTECHDOM.local\Policies\{B0FE4DD5-7513-4016-AAA1-598EF408E522}\User\comment.cmtx" bkp:Location="DomainSysvol\GPO\User\comment.cmtx"/></GroupPolicyExtension></GroupPolicyObject>
</GroupPolicyBackupScheme>