<BackupInst xmlns="http://www.microsoft.com/GroupPolicy/GPOOperations/Manifest"><GPOGuid><![CDATA[{7361B61C-39D2-4FB9-AFF7-E50FBB63B509}]]></GPOGuid><GPODomain><![CDATA[SAMATAS.LOCAL]]></GPODomain><GPODomainGuid><![CDATA[{db511e4f-6d7c-4d66-890e-6c7f3eb9ecc8}]]></GPODomainGuid><GPODomainController><![CDATA[SRV-DC01-EH.SAMATAS.LOCAL]]></GPODomainController><BackupTime><![CDATA[2021-01-29T16:18:39]]></BackupTime><ID><![CDATA[{0FEA9A67-0C78-40A0-A380-A85904D8E2B9}]]></ID><Comment><![CDATA[]]></Comment><GPODisplayName><![CDATA[User_RDSz_VMwareDisableTray]]></GPODisplayName></BackupInst>
