<?xml version="1.0" encoding="utf-8"?><!-- Copyright (c) Microsoft Corporation.  All rights reserved. --><GroupPolicyBackupScheme bkp:version="2.0" bkp:type="GroupPolicyBackupTemplate" xmlns:bkp="http://www.microsoft.com/GroupPolicy/GPOOperations" xmlns="http://www.microsoft.com/GroupPolicy/GPOOperations">
    <GroupPolicyObject><SecurityGroups><Group bkp:Source="FromDACL"><Sid><![CDATA[S-1-5-21-712605350-580113472-2741578439-519]]></Sid><SamAccountName><![CDATA[Administrateurs de l’entreprise]]></SamAccountName><Type><![CDATA[UniversalGroup]]></Type><NetBIOSDomainName><![CDATA[MSP]]></NetBIOSDomainName><DnsDomainName><![CDATA[msp.local]]></DnsDomainName><UPN><![CDATA[Administrateurs de l’entreprise@msp.local]]></UPN></Group><Group bkp:Source="FromDACL"><Sid><![CDATA[S-1-5-21-712605350-580113472-2741578439-512]]></Sid><SamAccountName><![CDATA[Admins du domaine]]></SamAccountName><Type><![CDATA[GlobalGroup]]></Type><NetBIOSDomainName><![CDATA[MSP]]></NetBIOSDomainName><DnsDomainName><![CDATA[msp.local]]></DnsDomainName><UPN><![CDATA[Admins du domaine@msp.local]]></UPN></Group></SecurityGroups><FilePaths/><GroupPolicyCoreSettings><ID><![CDATA[{146F20EA-6A82-4AB1-8193-25A9CA3822B1}]]></ID><Domain><![CDATA[msp.local]]></Domain><SecurityDescriptor>01 00 04 9c 00 00 00 00 00 00 00 00 00 00 00 00 14 00 00 00 04 00 ec 00 08 00 00 00 05 02 28 00 00 01 00 00 01 00 00 00 8f fd ac ed b3 ff d1 11 b4 1d 00 a0 c9 68 f9 39 01 01 00 00 00 00 00 05 0b 00 00 00 00 00 24 00 ff 00 0f 00 01 05 00 00 00 00 00 05 15 00 00 00 a6 7e 79 2a 40 d4 93 22 c7 2a 69 a3 00 02 00 00 00 02 24 00 ff 00 0f 00 01 05 00 00 00 00 00 05 15 00 00 00 a6 7e 79 2a 40 d4 93 22 c7 2a 69 a3 00 02 00 00 00 02 24 00 ff 00 0f 00 01 05 00 00 00 00 00 05 15 00 00 00 a6 7e 79 2a 40 d4 93 22 c7 2a 69 a3 07 02 00 00 00 02 14 00 94 00 02 00 01 01 00 00 00 00 00 05 09 00 00 00 00 02 14 00 94 00 02 00 01 01 00 00 00 00 00 05 0b 00 00 00 00 02 14 00 ff 00 0f 00 01 01 00 00 00 00 00 05 12 00 00 00 00 0a 14 00 ff 00 0f 00 01 01 00 00 00 00 00 03 00 00 00 00</SecurityDescriptor><DisplayName><![CDATA[Users - RDS - BGinfo Terminal]]></DisplayName><Options><![CDATA[2]]></Options><UserVersionNumber><![CDATA[65537]]></UserVersionNumber><MachineVersionNumber><![CDATA[65537]]></MachineVersionNumber><MachineExtensionGuids/><UserExtensionGuids><![CDATA[[{42B5FAAE-6536-11D2-AE5A-0000F87571E3}{40B66650-4972-11D1-A7CA-0000F87571E3}]]]></UserExtensionGuids><WMIFilter/></GroupPolicyCoreSettings> 
        <GroupPolicyExtension bkp:ID="{35378EAC-683F-11D2-A89A-00C04FBBCFA2}" bkp:DescName="Registry">
            
            
            <FSObjectFile bkp:Path="%GPO_FSPATH%\Adm\*.*" bkp:SourceExpandedPath="\\SRV2019.msp.local\sysvol\msp.local\Policies\{146F20EA-6A82-4AB1-8193-25A9CA3822B1}\Adm\*.*"/>
        </GroupPolicyExtension>
        
        
        <GroupPolicyExtension bkp:ID="{42B5FAAE-6536-11d2-AE5A-0000F87571E3}" bkp:DescName="Scripts">
            
	    
            <FSObjectDir bkp:Path="%GPO_MACH_FSPATH%\Scripts\Startup\*" bkp:SourceExpandedPath="\\SRV2019.msp.local\sysvol\msp.local\Policies\{146F20EA-6A82-4AB1-8193-25A9CA3822B1}\Machine\Scripts\Startup\*"/>
            <FSObjectFile bkp:Path="%GPO_MACH_FSPATH%\Scripts\Startup\*" bkp:SourceExpandedPath="\\SRV2019.msp.local\sysvol\msp.local\Policies\{146F20EA-6A82-4AB1-8193-25A9CA3822B1}\Machine\Scripts\Startup\*"/>
            <FSObjectDir bkp:Path="%GPO_MACH_FSPATH%\Scripts\Shutdown\*" bkp:SourceExpandedPath="\\SRV2019.msp.local\sysvol\msp.local\Policies\{146F20EA-6A82-4AB1-8193-25A9CA3822B1}\Machine\Scripts\Shutdown\*"/>
            <FSObjectFile bkp:Path="%GPO_MACH_FSPATH%\Scripts\Shutdown\*" bkp:SourceExpandedPath="\\SRV2019.msp.local\sysvol\msp.local\Policies\{146F20EA-6A82-4AB1-8193-25A9CA3822B1}\Machine\Scripts\Shutdown\*"/>
            <FSObjectFile bkp:Path="%GPO_USER_FSPATH%\Scripts\scripts.ini" bkp:SourceExpandedPath="\\SRV2019.msp.local\sysvol\msp.local\Policies\{146F20EA-6A82-4AB1-8193-25A9CA3822B1}\User\Scripts\scripts.ini" bkp:ReEvaluateFunction="ScriptsValidatePaths" bkp:Location="DomainSysvol\GPO\User\Scripts\scripts.ini"/>
	    
            <FSObjectDir bkp:Path="%GPO_USER_FSPATH%\Scripts\Logon\*" bkp:SourceExpandedPath="\\SRV2019.msp.local\sysvol\msp.local\Policies\{146F20EA-6A82-4AB1-8193-25A9CA3822B1}\User\Scripts\Logon\*"><FSObjectDir bkp:Path="%GPO_USER_FSPATH%\Scripts\Logon" bkp:SourceExpandedPath="\\SRV2019.msp.local\sysvol\msp.local\Policies\{146F20EA-6A82-4AB1-8193-25A9CA3822B1}\User\Scripts\Logon" bkp:Location="DomainSysvol\GPO\User\Scripts\Logon"/></FSObjectDir>
            <FSObjectFile bkp:Path="%GPO_USER_FSPATH%\Scripts\Logon\*" bkp:SourceExpandedPath="\\SRV2019.msp.local\sysvol\msp.local\Policies\{146F20EA-6A82-4AB1-8193-25A9CA3822B1}\User\Scripts\Logon\*"><FSObjectFile bkp:Path="%GPO_USER_FSPATH%\Scripts\Logon\config.bgi" bkp:SourceExpandedPath="\\SRV2019.msp.local\sysvol\msp.local\Policies\{146F20EA-6A82-4AB1-8193-25A9CA3822B1}\User\Scripts\Logon\config.bgi" bkp:Location="DomainSysvol\GPO\User\Scripts\Logon\config.bgi"/><FSObjectFile bkp:Path="%GPO_USER_FSPATH%\Scripts\Logon\bginfo.bat" bkp:SourceExpandedPath="\\SRV2019.msp.local\sysvol\msp.local\Policies\{146F20EA-6A82-4AB1-8193-25A9CA3822B1}\User\Scripts\Logon\bginfo.bat" bkp:Location="DomainSysvol\GPO\User\Scripts\Logon\bginfo.bat"/></FSObjectFile>
            <FSObjectDir bkp:Path="%GPO_USER_FSPATH%\Scripts\Logoff\*" bkp:SourceExpandedPath="\\SRV2019.msp.local\sysvol\msp.local\Policies\{146F20EA-6A82-4AB1-8193-25A9CA3822B1}\User\Scripts\Logoff\*"><FSObjectDir bkp:Path="%GPO_USER_FSPATH%\Scripts\Logoff" bkp:SourceExpandedPath="\\SRV2019.msp.local\sysvol\msp.local\Policies\{146F20EA-6A82-4AB1-8193-25A9CA3822B1}\User\Scripts\Logoff" bkp:Location="DomainSysvol\GPO\User\Scripts\Logoff"/></FSObjectDir>
            <FSObjectFile bkp:Path="%GPO_USER_FSPATH%\Scripts\Logoff\*" bkp:SourceExpandedPath="\\SRV2019.msp.local\sysvol\msp.local\Policies\{146F20EA-6A82-4AB1-8193-25A9CA3822B1}\User\Scripts\Logoff\*"/>
        </GroupPolicyExtension>
        
        
        
        
        
        
    <GroupPolicyExtension bkp:ID="{F15C46CD-82A0-4C2D-A210-5D0D3182A418}" bkp:DescName="Unknown Extension"><FSObjectDir bkp:Path="%GPO_USER_FSPATH%\Applications" bkp:SourceExpandedPath="\\SRV2019.msp.local\sysvol\msp.local\Policies\{146F20EA-6A82-4AB1-8193-25A9CA3822B1}\User\Applications" bkp:Location="DomainSysvol\GPO\User\Applications"/><FSObjectDir bkp:Path="%GPO_USER_FSPATH%\Documents &amp; Settings" bkp:SourceExpandedPath="\\SRV2019.msp.local\sysvol\msp.local\Policies\{146F20EA-6A82-4AB1-8193-25A9CA3822B1}\User\Documents &amp; Settings" bkp:Location="DomainSysvol\GPO\User\Documents &amp; Settings"/><FSObjectDir bkp:Path="%GPO_USER_FSPATH%\Scripts" bkp:SourceExpandedPath="\\SRV2019.msp.local\sysvol\msp.local\Policies\{146F20EA-6A82-4AB1-8193-25A9CA3822B1}\User\Scripts" bkp:Location="DomainSysvol\GPO\User\Scripts"/></GroupPolicyExtension></GroupPolicyObject>
</GroupPolicyBackupScheme>