<BackupInst xmlns="http://www.microsoft.com/GroupPolicy/GPOOperations/Manifest"><GPOGuid><![CDATA[{146F20EA-6A82-4AB1-8193-25A9CA3822B1}]]></GPOGuid><GPODomain><![CDATA[msp.local]]></GPODomain><GPODomainGuid><![CDATA[{cc784668-5c21-4085-9bad-18a30da31e0d}]]></GPODomainGuid><GPODomainController><![CDATA[SRV2019.msp.local]]></GPODomainController><BackupTime><![CDATA[2021-02-01T20:12:46]]></BackupTime><ID><![CDATA[{4300AE30-93B3-4C8F-B97C-38949C1AEF8D}]]></ID><Comment><![CDATA[]]></Comment><GPODisplayName><![CDATA[Users - RDS - BGinfo Terminal]]></GPODisplayName></BackupInst>
