<BackupInst xmlns="http://www.microsoft.com/GroupPolicy/GPOOperations/Manifest"><GPOGuid><![CDATA[{470A4A51-F9C9-4119-B2BC-5BFA197E4533}]]></GPOGuid><GPODomain><![CDATA[msp.local]]></GPODomain><GPODomainGuid><![CDATA[{cc784668-5c21-4085-9bad-18a30da31e0d}]]></GPODomainGuid><GPODomainController><![CDATA[SRV2019.msp.local]]></GPODomainController><BackupTime><![CDATA[2021-02-01T13:49:08]]></BackupTime><ID><![CDATA[{83932262-E994-4DEE-BB4F-2E529834CFC4}]]></ID><Comment><![CDATA[]]></Comment><GPODisplayName><![CDATA[Users - RDS - Custum Start Menu]]></GPODisplayName></BackupInst>
