<BackupInst xmlns="http://www.microsoft.com/GroupPolicy/GPOOperations/Manifest"><GPOGuid><![CDATA[{97F9DAE3-7EF0-44D4-B286-C85BFE679BCF}]]></GPOGuid><GPODomain><![CDATA[SAMATAS.LOCAL]]></GPODomain><GPODomainGuid><![CDATA[{db511e4f-6d7c-4d66-890e-6c7f3eb9ecc8}]]></GPODomainGuid><GPODomainController><![CDATA[SRV-DC01-EH.SAMATAS.LOCAL]]></GPODomainController><BackupTime><![CDATA[2021-01-27T20:58:44]]></BackupTime><ID><![CDATA[{000AB41E-839A-409D-9B5A-B72A5DDE65EB}]]></ID><Comment><![CDATA[Users - RDS - Disable Task Manager]]></Comment><GPODisplayName><![CDATA[Users - RDS - Disable Task Manager]]></GPODisplayName></BackupInst>
